{
  "images" : [
    {
      "idiom" : "universal",
      "filename" : "topic-selector@2x.png",
      "scale" : "1x"
    },
    {
      "idiom" : "universal",
      "filename" : "topic-selector@2x-1.png",
      "scale" : "2x"
    },
    {
      "idiom" : "universal",
      "filename" : "tabTopicSelected@2x.png",
      "scale" : "3x"
    },
    {
      "idiom" : "ipad",
      "filename" : "topic-selector@2x-2.png",
      "scale" : "1x"
    },
    {
      "idiom" : "ipad",
      "filename" : "tabTopicSelected@2x-1.png",
      "scale" : "2x"
    }
  ],
  "info" : {
    "version" : 1,
    "author" : "xcode"
  }
}