{
  "images" : [
    {
      "idiom" : "universal",
      "filename" : "sample.jpg",
      "scale" : "1x"
    },
    {
      "idiom" : "universal",
      "filename" : "sample-1.jpg",
      "scale" : "2x"
    },
    {
      "idiom" : "universal",
      "filename" : "sample-2.jpg",
      "scale" : "3x"
    },
    {
      "idiom" : "ipad",
      "filename" : "sample-3.jpg",
      "scale" : "1x"
    },
    {
      "idiom" : "ipad",
      "filename" : "sample-4.jpg",
      "scale" : "2x"
    }
  ],
  "info" : {
    "version" : 1,
    "author" : "xcode"
  }
}