{
  "images" : [
    {
      "idiom" : "universal",
      "filename" : "tool-2.png",
      "scale" : "1x"
    },
    {
      "idiom" : "universal",
      "filename" : "tool-1.png",
      "scale" : "2x"
    },
    {
      "idiom" : "universal",
      "filename" : "tool.png",
      "scale" : "3x"
    },
    {
      "idiom" : "ipad",
      "filename" : "videoIcon@1x.png",
      "scale" : "1x"
    },
    {
      "idiom" : "ipad",
      "filename" : "videoIcon@2x.png",
      "scale" : "2x"
    }
  ],
  "info" : {
    "version" : 1,
    "author" : "xcode"
  }
}