{
  "images" : [
    {
      "idiom" : "universal",
      "filename" : "default-placeholder-300x300-2.png",
      "scale" : "1x"
    },
    {
      "idiom" : "universal",
      "filename" : "default-placeholder-300x300-1.png",
      "scale" : "2x"
    },
    {
      "idiom" : "universal",
      "filename" : "default-placeholder-300x300.png",
      "scale" : "3x"
    },
    {
      "idiom" : "ipad",
      "filename" : "default-placeholder-300x300-3.png",
      "scale" : "1x"
    },
    {
      "idiom" : "ipad",
      "filename" : "default-placeholder-300x300-4.png",
      "scale" : "2x"
    }
  ],
  "info" : {
    "version" : 1,
    "author" : "xcode"
  }
}